convnet,ft_resnet,pt_resnet,resnet
,,83.56170654,
,,85.88676453,
,,86.83700562,
,,87.58888245,
,,88.15307617,
,,88.35906982,
,,88.85154724,
,,88.53034973,
,,89.06364441,
,,89.27192688,
,,89.68505859,
,,90.02761841,
,,90.61164856,
,,88.87443542,
,,90.38352966,
,,90.52848816,
,,90.69709778,
,,90.67344666,
,,90.80123901,
,,90.87486267,
,,90.20576477,
,,89.64118958,
,,90.51971436,
,,91.05186462,
,,91.45240784,
,,91.639328,
,,89.89448547,
,,90.24620056,
,,91.40281677,
,,91.44020081,
