convnet,ft_resnet,pt_resnet,resnet
,,0.379838854,
,,0.335356653,
,,0.31857872,
,,0.302504539,
,,0.290858716,
,,0.286148131,
,,0.27678284,
,,0.283371449,
,,0.271179527,
,,0.269419193,
,,0.25717622,
,,0.249253258,
,,0.239283726,
,,0.280796707,
,,0.245063379,
,,0.240798131,
,,0.238268882,
,,0.238227725,
,,0.234930694,
,,0.233384132,
,,0.252426952,
,,0.263309836,
,,0.241565198,
,,0.227874503,
,,0.21944505,
,,0.216496795,
,,0.269610524,
,,0.252559066,
,,0.222390234,
,,0.221360296,
