convnet,ft_resnet,pt_resnet,resnet
,,86.84997559,
,,87.64343262,
,,87.73803711,
,,87.74719238,
,,88.01574707,
,,88.97399902,
,,86.6607666,
,,86.13891602,
,,88.10119629,
,,87.51831055,
,,89.16931152,
,,89.57214355,
,,87.68920898,
,,89.29138184,
,,89.49890137,
,,89.38293457,
,,89.30664063,
,,89.47143555,
,,89.03503418,
,,86.71875,
,,89.453125,
,,88.65966797,
,,88.12866211,
,,89.72167969,
,,89.28833008,
,,89.08081055,
,,89.71862793,
,,89.2578125,
,,89.52636719,
,,90.25268555,
