convnet,ft_resnet,pt_resnet,resnet
,,0.312791973,
,,0.288136944,
,,0.299823809,
,,0.300417925,
,,0.313865763,
,,0.281784357,
,,0.31584992,
,,0.320792363,
,,0.34698012,
,,0.347634382,
,,0.325350722,
,,0.301461609,
,,0.330451376,
,,0.26764301,
,,0.274845566,
,,0.280616278,
,,0.310336673,
,,0.283715061,
,,0.308938056,
,,1.208949656,
,,0.350919108,
,,0.307077256,
,,0.309712192,
,,0.313241315,
,,0.336026886,
,,0.437487004,
,,0.379205177,
,,0.298532231,
,,0.388601374,
,,0.291988815,
